framework,threads,avg_latency,std_latency,p50_latency,p95_latency,p99_latency,min_latency,max_latency,throughput,model_type
ONNX,1,0.052106380462646484,0.001731573918826589,0.051975250244140625,0.0527501106262207,0.054502487182617264,0.05125999450683594,0.06866455078125,19191.507664150082,mlp
ONNX,2,0.05513191223144531,0.0034038158082386237,0.05459785461425781,0.05555152893066406,0.07163047790527349,0.05412101745605469,0.0820159912109375,18138.315170385744,mlp
ONNX,4,0.05560636520385742,0.007424268418843275,0.054717063903808594,0.055599212646484375,0.06666660308837923,0.05412101745605469,0.1285076141357422,17983.552716202892,mlp
ONNX,1,0.20009756088256836,0.011410408069741048,0.19669532775878906,0.22153854370117188,0.2548980712890625,0.19598007202148438,0.25773048400878906,4997.562167121428,cnn
ONNX,2,0.14677047729492188,0.001519906754542277,0.14662742614746094,0.148773193359375,0.15306711196899414,0.1442432403564453,0.1533031463623047,6813.359324236517,cnn
ONNX,4,0.1308751106262207,0.006615095661353917,0.1308917999267578,0.1435995101928711,0.15218257904052737,0.11968612670898438,0.15926361083984375,7640.872242362415,cnn
ONNX,1,0.502469539642334,0.01908872398039679,0.49376487731933594,0.5383133888244629,0.5641460418701174,0.492095947265625,0.6160736083984375,1990.1703906505782,transformer
ONNX,2,0.4392671585083008,0.048670257187452826,0.4069805145263672,0.5298972129821777,0.5498147010803223,0.3991127014160156,0.5519390106201172,2276.518926194896,transformer
ONNX,4,0.3756070137023926,0.008374439948808895,0.37360191345214844,0.3871321678161621,0.4028248786926271,0.3693103790283203,0.4398822784423828,2662.357100691249,transformer
